feature,mean,std
avg_score,15.543958333333336,1.6093476804585212
avg_std,3.440151431256698,1.1041291137950828
avg_momentum,-0.017764384920634944,0.7420228713697525
